{
  "Rastrigin (many local optima)": {
    "GREEDY (autoresearch)": {
      "mean": 22.937073297828974,
      "std": 11.999883327669293,
      "median": 21.73228855981727,
      "best": 6.967857905999743
    },
    "BANDIT only": {
      "mean": 15.824764379429755,
      "std": 7.090252217316945,
      "median": 15.833552065227604,
      "best": 3.039724172670134
    },
    "ANNEAL only": {
      "mean": 75.4399158214285,
      "std": 34.869521322114785,
      "median": 75.29724353294674,
      "best": 18.759802442018398
    },
    "DEEPRESEARCH (full)": {
      "mean": 25.560638170666195,
      "std": 11.466239677879111,
      "median": 22.794212418275293,
      "best": 5.8552043350071585
    }
  },
  "Ackley (flat plateau)": {
    "GREEDY (autoresearch)": {
      "mean": 4.132792234016023,
      "std": 1.7029191771569048,
      "median": 4.042605581776851,
      "best": 0.9623362671505586
    },
    "BANDIT only": {
      "mean": 3.1062020367646506,
      "std": 1.7566136271892039,
      "median": 2.629567967060494,
      "best": 0.7809813912558465
    },
    "ANNEAL only": {
      "mean": 9.289135424576246,
      "std": 2.309122642463418,
      "median": 9.664368870964761,
      "best": 3.466218816223727
    },
    "DEEPRESEARCH (full)": {
      "mean": 5.046798743317811,
      "std": 1.9441830001658849,
      "median": 4.834454218006732,
      "best": 1.2686333957642337
    }
  },
  "Schwefel (deceptive)": {
    "GREEDY (autoresearch)": {
      "mean": 967.186575794218,
      "std": 238.83852273176547,
      "median": 938.59046149164,
      "best": 465.67675296094353
    },
    "BANDIT only": {
      "mean": 1099.8186873407299,
      "std": 367.3797373532942,
      "median": 1060.5622881882828,
      "best": 455.33207376296514
    },
    "ANNEAL only": {
      "mean": 1885.4888684916011,
      "std": 197.59658519004591,
      "median": 1913.563967200258,
      "best": 1456.940554267478
    },
    "DEEPRESEARCH (full)": {
      "mean": 1935.9680767207362,
      "std": 154.9360964643515,
      "median": 1955.17648180807,
      "best": 1562.1009218658205
    }
  }
}